suite,question_id,tokens_per_second,claude_score,score_reason,finish_reason,failure_class
agentic,t1_q1_sequential,30.74,2,The response correctly generates the first tool call (grep_search) but fails to include the second required tool call (read_file) to show the file content after finding the error.,stop,ok
agentic,t1_q2_error_handling,32.49,3,"The response correctly identifies the 404 error, logically determines that alternative search methods require more information, and provides a clear, appropriate message to the user asking for clarification.",stop,ok
agentic,t1_q3_nested_params,46.91,3,The response provides a perfectly structured JSON tool call with all required parameters correctly populated according to the user's instructions.,stop,ok
agentic,t2_q1_ambiguous,29.58,1,"The model correctly identified the ambiguity and chose to ask for clarification, but it failed to output the required JSON tool call or the one-sentence explanation as specified in the 'OR' condition of the prompt.",stop,ok
agentic,t2_q2_error_chain,29.62,3,The response correctly identifies the logical next step (restarting the database service) based on the error chain and provides a valid JSON tool call with the correct parameters.,stop,ok
agentic,t2_q3_schema_edge,48.02,3,"The response correctly generates the tool call JSON with all required parameters properly set according to the schema and user instructions, and outputs only the JSON as requested.",stop,ok
agentic,t2_q4_orchestration,45.36,3,"The response provides a complete, well-structured JSON deployment plan with correct tool calls in logical order. It properly addresses the failure scenarios for both tests and deployment using the available tools.",stop,ok
agentic,t3_q1_competing_constraints,36.35,3,"The response provides a complete, well-structured JSON plan that directly addresses all constraints: it includes steps to read the file first, validate schema, handle ambiguity via user interaction, and robustly calculate growth with fallbacks. The JSON format is valid and the logic is sound.",stop,ok
agentic,t3_q2_multi_agent_coordination,33.6,2,"The response provides a well-structured JSON orchestration plan that correctly assigns agents and handles context passing. However, it fails to strictly respect the 60-second time budget in its logic: the researcher agent (30s) is assigned two sequential web searches in Phase 1, which would take 60s alone, leaving no time for the subsequent calculation and verification phases required by the task.",stop,ok
agentic,t3_q3_adversarial_robustness,31.72,3,"The response provides a comprehensive, technically accurate, and well-structured answer to all five parts of the question. It correctly identifies command injection and information disclosure risks, proposes safe handling via parameterized execution and allowlists, firmly addresses the social engineering attempt, gives a concrete example of encoded malicious input with detection logic, and outlines a robust general security policy.",stop,ok
coder,t1_q1_algorithm,33.58,1,"The model correctly identifies the infinite loop bug (left = mid) but fails to identify the second bug (the initial right bound should be len(arr) - 1 if using inclusive bounds, or more likely, the model fails to recognize that with right = len(arr) and left < right, the logic is actually correct for exclusive bounds, but the prompt implies a second bug exists—possibly the model missed that the second bug is that the function doesn't handle the case where the array is empty or the target is out ",stop,ok
coder,t1_q2_refactor,32.11,3,The response provides two correct refactored versions: one using a set for O(n) speed and one using in-place sorting for O(1) auxiliary memory. Both solutions include accurate complexity analysis and clear explanations of the tradeoffs as requested.,stop,ok
coder,t1_q3_test,42.45,3,"The response provides a complete and well-structured set of pytest test cases covering normal cases (positive, negative, zero, floats), edge cases (large/small numbers, division by one), and error cases (division by zero). The code is syntactically correct and follows best practices.",stop,ok
coder,t2_q1_design,40.87,3,"The response provides a complete, correct, and well-structured Python implementation of an LRU cache using a hash map and doubly linked list to achieve O(1) complexity. It also includes a clear explanation of the data structure choices as requested.",stop,ok
coder,t2_q2_debug_complex,39.22,3,"The response correctly identifies the race condition (non-atomic read-modify-write) and provides a complete, correct fix using asyncio.Lock. The code is well-structured and the explanation is clear.",stop,ok
coder,t2_q3_optimize,39.27,3,"The response provides a correct O(n) optimized solution using a hash map, includes the required code, and clearly explains the approach and complexity.",stop,ok
coder,t2_q4_system,41.73,3,"The response provides a complete, correct, and well-structured Python implementation using a sliding window approach with a deque. It handles edge cases (validation of inputs), uses only standard library, and correctly implements the is_allowed() logic across multiple calls.",stop,ok
coder,t3_q1_concurrent_correctness,33.37,2,"The response correctly identifies the ABA scenario and provides a working fix using tagged pointers with correct code. However, the explanation of the 'incorrect behavior' is slightly confused regarding the specific mechanics of the crash in the provided code snippet (the CAS would actually fail in the described scenario if the pointer address is reused but the logic implies it succeeds, or the description of the dangling pointer consequence is muddled). Despite the code being correct, the textu",stop,ok
coder,t3_q2_distributed_consistency,22.39,3,"The response is correct, complete, and well-structured. It lists four distinct strategies, provides specific and accurate failure scenarios for each, and offers sound, justified recommendations for both the shopping cart (CRDTs) and banking ledger (Strong Consistency/Manual Resolution) use cases.",stop,ok
coder,t3_q3_algorithmic_hardness,35.83,-1,judge_parse: JSON present but no integer score,length,truncated
general,t1_q1_json,34.55,3,The response correctly parses all required fields into valid JSON and strictly follows the instruction to output only the JSON without any explanation.,stop,ok
general,t1_q2_multistep,28.5,3,"The response correctly removes duplicates case-insensitively, sorts the items alphabetically, numbers them, and provides the final count. All instructions were followed perfectly.",stop,ok
general,t1_q3_compare,24.56,3,"The response correctly compares both approaches, accurately reflecting the provided pros and cons, and adheres strictly to the 2-3 sentence constraint.",stop,ok
general,t2_q1_synthesis,22.26,3,"The response provides a concrete, unified recommendation that addresses all three perspectives (Engineering, Product, Finance) within the 3-4 sentence constraint.",stop,ok
general,t2_q2_transform,35.68,3,"The response correctly transforms the flat data into nested YAML grouped by department, preserving all employee details accurately.",stop,ok
general,t2_q3_schedule,39.46,3,"The response provides a correct, complete, and well-structured schedule that satisfies all constraints, including the specific availability windows, meeting durations, and the 'no back-to-back' rule. The step-by-step derivation clearly explains how the solution was reached and verifies every constraint.",stop,ok
general,t2_q4_inconsistency,34.91,3,"The response correctly identifies both inconsistencies (body format and rate limit), provides clear evidence from each document, and includes a helpful summary table. All parts of the question are addressed accurately.",stop,ok
general,t3_q1_policy_analysis,30.66,3,"The response provides a complete, well-structured, and insightful analysis addressing all four parts of the prompt. It correctly identifies three distinct failure modes (metric misalignment, proxy misuse, and lagging indicators), explains their mechanisms clearly, proposes specific and actionable amendments, and discusses the associated trade-offs for each.",stop,ok
general,t3_q2_system_failure,30.55,3,"The response provides a precise, technically accurate, and well-structured answer to all four parts of the question. It correctly identifies the race condition caused by reading stale data from a replica, explains the testing gaps (lack of chaos engineering/lag simulation), proposes two distinct architectural fixes with clear trade-offs, and suggests relevant monitoring metrics.",stop,ok
general,t3_q3_strategic_communication,25.2,3,"The response perfectly addresses all four constraints: it acknowledges financial failures without defensiveness, frames the LOIs as a strategic pivot, outlines specific 90-day milestones, and indirectly addresses the leadership challenge by asking for a 90-day partnership to prove the plan. The tone is confident and professional.",stop,ok
instruction_precision,t1_q1_negative_instruction,27.37,0,"The response violates the negative constraint by explicitly mentioning 'light', which is synonymous with the forbidden terms 'sunlight', 'sun', or 'solar' in this context.",stop,ok
instruction_precision,t1_q2_word_limit,21.94,2,"The response is well-written but fails the exact word count constraint (19 words instead of 20-25), resulting in a score of 2 for missing the specific instruction.",stop,ok
instruction_precision,t1_q3_structured_format,26.58,3,"The response correctly lists three programming languages with their release years, adhering strictly to the requested format (LANGUAGE (YEAR)), one per line, with no extra text or bullets.",stop,ok
instruction_precision,t1_q4_multiple_constraints,24.73,3,"The response correctly lists exactly 5 European countries in alphabetical order, one per line, with no additional text or punctuation, satisfying all constraints.",stop,ok
instruction_precision,t2_q1_resist_elaboration,5.26,3,The response correctly answers '4' and strictly adheres to the constraint of providing only the number with no additional text.,stop,ok
instruction_precision,t2_q2_maintain_format,27.02,3,"The response perfectly adheres to the strict formatting constraints, providing the correct analysis in the exact requested structure with no extra text.",stop,ok
instruction_precision,t2_q3_empty_handling,4.74,3,"The model correctly identified that no email addresses were present and output exactly 'NONE' as instructed, with no extra text or explanations.",stop,ok
instruction_precision,t2_q4_conflicting_constraints,12.63,3,"The response is a single sentence starting with 'A', ending with 'data', under 12 words, and avoids forbidden terms.",stop,ok
instruction_precision,t3_q1_self_referential,12.54,0,"The response fails all constraints: it has 14 words (not 10), 76 letters (not 40), and only 2 commas (not 3).",stop,ok
instruction_precision,t3_q2_cascading_constraints,11.96,2,"The response provides 5 words that follow the chaining and length constraints, but the first word 'television' has 10 letters instead of the required 8, and the last word 'no' has 2 letters instead of the required 4.",stop,ok
instruction_precision,t3_q3_meta_instruction,13.52,3,"The model correctly identified and executed only the instructions containing numbers within square brackets (printing 42 and 'hi' 7 times), while ignoring invalid formats and non-numbered instructions, adhering strictly to the constraints.",stop,ok
math,t1_q1_word_problem,43.5,3,"The response provides a correct, complete, and well-structured solution to all three parts of the word problem, showing clear step-by-step work and accurate final answers.",stop,ok
math,t1_q2_system_equations,43.59,3,"The response provides a correct, complete, and well-structured solution using algebraic identities to find all four real solution pairs. Every step is clearly shown, and the final answer is accurate.",stop,ok
math,t1_q3_probability,43.35,3,"The response provides a correct, complete, and well-structured step-by-step solution for both probability questions, with accurate calculations and final answers.",stop,ok
math,t2_q1_optimization,43.12,3,"The response provides a complete, well-structured, and mathematically correct solution. It correctly defines variables, sets up the constraint and objective function, performs the optimization using derivatives, verifies the maximum, and calculates the final dimensions and area accurately.",stop,ok
math,t2_q2_proof,38.09,3,"The response correctly identifies the logical error (lack of overlap in the inductive step), specifies the exact value where it fails (n=1), and provides a clear mathematical explanation of why the intersection is empty for that case. All three parts of the question are addressed accurately and completely.",stop,ok
math,t2_q3_calculus,44.83,3,"The response correctly finds the antiderivative, evaluates it at the bounds, and calculates the final answer of 10, following all requested steps with clear structure.",stop,ok
math,t2_q4_statistics,43.01,3,"The response provides a correct, complete, and well-structured solution for all four parts of the question, including accurate calculations for mean, median, population standard deviation, and the IQR outlier test.",stop,ok
math,t3_q1_analysis,42.1,-1,judge_parse: JSON present but no integer score,stop,ok
math,t3_q2_combinatorics,38.47,0,"The response fails to provide a valid proof or a correct resolution to the problem. It correctly identifies that the stated identity is false (LHS=1, RHS varies), but instead of concluding the proof by refuting the premise or correcting the likely intended identity, it trails off mid-sentence ('...by showing it equals 1, and then discuss the discrepancy. But the prompt asks to ""Prove the following identity') without finishing the thought or providing a final answer.",length,truncated
math,t3_q3_probability_theory,36.46,3,"The response provides a correct final answer ($e$) and two distinct, well-structured proofs. Proof (a) correctly uses the tail sum formula and the volume of the simplex. Proof (b) offers a valid elegant argument using a recursive integral equation and differential equations, which avoids the heavy summation of the first proof. Both approaches are mathematically sound and fully address the prompt.",stop,ok
thinking,t1_q1_multistep,41.19,3,"The response provides a correct, complete, and well-structured step-by-step solution. All calculations are accurate, the logic is sound, and the final answer (11:34 AM) is derived correctly from the given data.",stop,ok
thinking,t1_q2_hypothesis,29.13,3,"The response provides three specific, well-structured alternative explanations (SES, Sleep, Parental Involvement) that correctly identify confounding variables without hallucinating data or missing parts of the prompt.",stop,ok
thinking,t1_q3_planning,38.7,3,"The response correctly identifies all constraints, systematically evaluates all possible positions for the [D, C] block, and derives the two valid orderings (A, E, B, D, C and A, B, E, D, C) with clear, logical reasoning and verification.",stop,ok
thinking,t2_q1_paradox,27.74,3,"The response correctly presents two distinct philosophical positions (Material Continuity and Functional/Formal Continuity) with clear arguments and proponents, then explicitly states a preferred position with a nuanced justification. The answer is complete, well-structured, and directly addresses all parts of the prompt.",stop,ok
thinking,t2_q2_counterfactual,20.83,3,"The response provides a complete, well-structured, and specific analysis across all three required dimensions (speed, collaboration, reproducibility). It effectively details mechanisms and second-order effects without hallucination or truncation.",stop,ok
thinking,t2_q3_formal,31.46,3,"The response correctly identifies the statement as true, provides a rigorous formal proof using a step-by-step table with valid logical rules, and offers a clear, concrete real-world example demonstrating the principle.",stop,ok
thinking,t2_q4_metacognition,28.83,3,"The response provides a complete, well-structured, and logical step-by-step estimation (Fermi problem) addressing all four parts of the prompt: approach, assumptions, bounds, and uncertainty reduction. The calculations are clear, the bounds are reasonable, and the self-correction adds depth to the reasoning process.",stop,ok
thinking,t3_q1_methodological_critique,21.44,3,"The response correctly identifies four distinct methodological issues (confounding variables, reverse causality, measurement bias, and sampling bias) and provides a clear explanation for how each could produce the observed effect without establishing causality. The answer is well-structured, complete, and directly addresses all parts of the prompt.",stop,ok
thinking,t3_q2_causal_inference,26.57,2,"The response correctly identifies the minimal adjustment set and the impossibility of unbiased estimation without Gene, but it hallucinates a causal arrow from Cancer to Yellow Fingers to justify collider bias, whereas the prompt's DAG only specifies Smoking -> Yellow Fingers. Under the strict prompt structure, Yellow Fingers is a descendant of the exposure, and conditioning on it does not necessarily introduce bias unless other unmeasured confounders exist, making the explanation for part 2 fac",stop,ok
thinking,t3_q3_reasoning_trap,24.07,3,"The response correctly identifies the logical flaw (confounding variables and test set bias) and constructs a highly specific, concrete scenario (medical diagnosis with domain shift) that demonstrates how D2 is superior despite lower accuracy on a biased test set. All parts of the prompt are addressed with clear mechanisms and hypothetical validation.",stop,ok
tool_compliance,t1_q1_list_directory,9.18,3,The response correctly uses the `list_dir` tool with the specified path `/tmp` to fulfill the task requirements.,stop,ok
tool_compliance,t1_q2_read_file,26.46,2,"The code correctly uses the `peek` tool with the proper arguments to retrieve the first 100 characters, but it fails to use the required `FINAL(answer)` tool to submit the result as per the task instructions.",stop,ok
tool_compliance,t1_q3_search_pattern,27.41,0,"The response violates the explicit constraint 'NO IMPORTS ALLOWED' by including 'import os' and using 'os.path.join' and 'os.path.isdir', which are not available tools.",stop,ok
tool_compliance,t2_q1_file_metadata,27.38,2,"The code correctly uses the file_info tool to retrieve metadata, but it fails to explicitly extract and output the specific requested fields (size and modification date) or call FINAL(answer) as required by the tool compliance context.",stop,ok
tool_compliance,t2_q2_combined_list_and_read,29.73,3,"The response correctly uses the provided tools (list_dir and peek) with the correct arguments to list files and read the first 200 characters of the first file. The code is complete, well-structured, and adheres to the constraint of no imports.",stop,ok
tool_compliance,t2_q3_search_in_file,24.27,3,The response correctly uses the grep tool to find lines containing 'class ' in the specified file and wraps the result in the required FINAL(answer=...) format without using any imports.,stop,ok
tool_compliance,t3_q1_ocr_document,23.7,3,"The response correctly uses the ocr_document tool with the specified file path and prints the result, fully addressing the task requirements without violating constraints.",stop,ok
tool_compliance,t3_q2_llm_delegation,28.23,2,"The response correctly uses llm_batch for parallel processing and FINAL for output, but it hallucinates that the `peek` tool returns the full document content as a string that can be sliced with Python logic, which is inconsistent with the tool's likely behavior (peeking a sample) and the task's implied constraint of splitting a 'long document' without full retrieval.",stop,ok
tool_compliance,t3_q3_shell_command,12.21,3,"The response correctly uses the available `run_shell` tool with the appropriate command to get git status, adhering to all constraints.",stop,ok
